,l1i_size,l2_lat,l3_size,issue_width,rob_entries,num_fu_intALU,system.cpu.cpi,Energy,workload,distance_to_origin,EDP,method
0,128kB,6,1MB,4,64,2,0.3381385549155857,0.06503711376241567,mean_workload,0.3443363304778425,0.0074361928524028335,Threshold Method
36,128kB,6,4MB,4,64,2,0.02296973623003634,0.5293266487620855,mean_workload,0.5298247916737925,0.0002792773886862296,Min EDP
36,128kB,6,4MB,4,64,2,0.02296973623003634,0.5293266487620855,mean_workload,0.5298247916737925,0.0002792773886862296,Min CPI
270,32kB,12,1MB,4,64,2,0.9808220929234223,0.0006603160741481327,mean_workload,0.9808223151947554,0.0006352319725744396,Min Energy
