{
    "mean_workload": {
        "Energy": 0.06503711376241567,
        "Scaled Energy": 0.06503711376241567,
        "system.cpu.cpi": 0.3381385549155857,
        "Scaled system.cpu.cpi": 0.3381385549155857,
        "Combination": {
            "l1i_size": "128kB",
            "l2_lat": 6,
            "l3_size": "1MB",
            "issue_width": 4,
            "rob_entries": 64,
            "num_fu_intALU": 2
        }
    }
}