{
    "h264dec": {
        "EDP": 1.0210382417217498,
        "Scaled EDP": 0.0,
        "system.cpu.cpi": 0.897141,
        "Scaled system.cpu.cpi": 0.020584993856170897,
        "Combination": {
            "l1i_size": "128kB",
            "l2_lat": 6,
            "l3_size": "1MB",
            "issue_width": 8,
            "rob_entries": 64,
            "num_fu_intALU": 4
        }
    },
    "jpeg2k_enc": {
        "EDP": 1.833505921183411,
        "Scaled EDP": 0.2464121794972675,
        "system.cpu.cpi": 1.10896,
        "Scaled system.cpu.cpi": 0.0554330469165828,
        "Combination": {
            "l1i_size": "32kB",
            "l2_lat": 6,
            "l3_size": "4MB",
            "issue_width": 4,
            "rob_entries": 64,
            "num_fu_intALU": 2
        }
    },
    "mp3_enc": {
        "EDP": 1.5788226171598796,
        "Scaled EDP": 0.0,
        "system.cpu.cpi": 1.19907,
        "Scaled system.cpu.cpi": 0.10745233968805135,
        "Combination": {
            "l1i_size": "128kB",
            "l2_lat": 6,
            "l3_size": "1MB",
            "issue_width": 4,
            "rob_entries": 64,
            "num_fu_intALU": 2
        }
    }
}