{
    "mean_workload": {
        "EDP": 0.1393405149655357,
        "Scaled EDP": 0.1393405149655357,
        "system.cpu.cpi": 0.283814299884038,
        "Scaled system.cpu.cpi": 0.283814299884038,
        "Combination": {
            "l1i_size": "128kB",
            "l2_lat": 6,
            "l3_size": "2MB",
            "issue_width": 4,
            "rob_entries": 64,
            "num_fu_intALU": 2
        }
    }
}